Product Name,Rating,Review,Likes,Dislikes
E-Oppo reno 11 5G - E,4,Nice cemara and good display,1256,275
E-Oppo reno 11 5G - E,4,"My personal review about this handset after using it

Plus
The best main camera
Good performance
Nice design
Superb display

Minus
Battery getting down very fast
Front camera not reached expectations",459,148
E-Oppo reno 11 5G - E,4,"Design is slick, but front camera must be improved, rear camera no less than any DSLR",945,326
E-Oppo reno 11 5G - E,4,The phone was good but the battery draining fast.,9,0
E-Oppo reno 11 5G - E,5,V Good Display,83,20
E-Oppo reno 11 5G - E,4,"Back Camera quality is good but front camera quality is not too good as expected , may be better on this price.",91,27
E-Oppo reno 11 5G - E,5,Great,56,13
E-Oppo reno 11 5G - E,5,Awesome picture quality,36,9
E-Oppo reno 11 5G - E,5,Amezing phone under this price range... what a camera 32MP telephoto lense... super,20,4
E-Oppo reno 11 5G - E,5,"The Oppo Reno 11 5G is a great smartphone and its a worth my money. I think I am sorted for 3-4 years with this great purchase.

Here are some of the pros and cons of the Oppo Reno 11 5G:

Pros:
Premium Curved smooth touch display
Sleek and stylish look
AMOLED display
Fast processor
Good battery backup
wow potraiot mode and telephoto camera
Fast 5G connectivity
Indisplay finger print is quick

Cons:

Lot of adjustment for perfect camera photography
Some minor heating issues when gaming and whatsapp chating together
too many Pre-installed apps, some might find it good too

Overall, the Oppo Reno 11 5G is a great mid-range smartphone that offers a lot of worth. If you're looking for a reliable and affordable 5G phone for long term, then the Oppo Reno 11 5G is a great option.",15,3
E-Oppo reno 11 5G - E,5,Very good phone very good features all good,37,13
E-Oppo reno 11 5G - E,5,Nice pic,26,8
E-Oppo reno 11 5G - E,5,Camera performance,26,8
E-Oppo reno 11 5G - E,4,Good product,5,0
E-Oppo reno 11 5G - E,5,Nice product .,15,4
E-Oppo reno 11 5G - E,5,"Amazing Amazing Amazing  
Looks Classy Beautiful Attractive  
Loved this OPPO model  
Must Buy 
Camera - 10/10
Battery - 10/10
Design - 10/10
Performance - 10/10
Jay Jagannath 
Jay Maa Biraja",11,2
E-Oppo reno 11 5G - E,5,All are ok. But battery is draining fast.,5,0
E-Oppo reno 11 5G - E,5,Great   phone,5,0
E-Oppo reno 11 5G - E,5,Good phn,4,0
E-Oppo reno 11 5G - E,5,Best wishes oppo Reno 11 5g series wonderful   display awesome   good profomens sound is super all is fine,14,4
E-Oppo reno 11 5G - E,4,Very good,4,0
E-Oppo reno 11 5G - E,4,Good,17,8
E-Oppo reno 11 5G - E,3,"Doesn't meet expectations...
The display has an overall good experience.
Battery drains fast..
Camera parameters are average.
Design is fine but performance matters.
The best price of this phone is under rs. 22 thousand. Similar performance like moto edge 40 Neo.",30,10
E-Oppo reno 11 5G - E,5,Phone is average not too good in this price range the performance can be better in this price range.,9,2
E-Oppo reno 11 5G - E,4,"Camera lovers
Don't buy this....
Other wise very good",6,1
E-Oppo reno 11 5G - E,5,Superb mobile,4,0
E-Oppo reno 11 5G - E,5,best phone,4,0
E-Oppo reno 11 5G - E,5,"Light weight, screen quality very good, sound is loud and clear, camera up to mark ( portrait mode is good) . Overall one of the best mobile phone under under the budget.",10,3
E-Oppo reno 11 5G - E,5,"Classic Elegant design, Good Quality display, sound, battery life average according to usage.",20,10
E-Oppo reno 11 5G - E,5,"Back camera 4.5,does job well
Front camera worst,
Design is awesome,
Display not upto the mark no comparison with Samsung phones,
Battery drainage is fast,
Fast charging is good,
Slipery design,
Over priced, should be 25000INR
Sound quality is awesome, loud and clear
Display is awesome in daylight also.",6,1
E-Oppo reno 11 5G - E,5,"Overall superb phone in terms of everyday usages.camera performance is good,it has good zooming capabilities as it has dedicated telephoto lense.battery back and charging is decent. Display quality is also good no issuing outdoor usage and sound quality is lound enough. Best from oppo.",6,1
E-Oppo reno 11 5G - E,4,Camera is better but battery drain problem,7,2
E-Oppo reno 11 5G - E,5,"Best smartphone under this price range compare to other phones in 2k24 if u see overall bulid quality and performance with autofocus camera and video action mode are awesome.
IAM SO HAPPY.
ALL PICTURES ARE AMAZING...",9,3
E-Oppo reno 11 5G - E,4,"Display, camara, performance i like it. But battery performance i hate you.",3,0
E-Oppo reno 11 5G - E,4,Much needed to fix the battery performance...,3,0
E-Oppo reno 11 5G - E,4,Good camera quality,3,0
E-Oppo reno 11 5G - E,4,Front camera quality improve,5,1
E-Oppo reno 11 5G - E,3,I don't like battery at all it's not like realme mobile,7,1
E-Oppo reno 11 5G - E,5,Very good,3,0
E-Oppo reno 11 5G - E,5,Simply Awesome,3,0
E-Oppo reno 11 5G - E,5,Good quality nice product,3,0
E-Oppo reno 11 5G - E,5,Awesome,3,0
E-Oppo reno 11 5G - E,5,"Extra ordinary profarmas camera
Just Looking WoW",3,0
E-Oppo reno 11 5G - E,5,Ever Awesome,3,0
E-Oppo reno 11 5G - E,5,I'm happy,5,1
E-Oppo reno 11 5G - E,4,Camera super,6,2
E-Oppo reno 11 5G - E,4,"Front camera quality is very bad, otherwise the phone looks good, battery draining fast",32,5
E-Oppo reno 11 5G - E,5,Ok,4,1
E-Oppo reno 11 5G - E,5,Good camera and good looking phone.,6,3
E-Oppo reno 11 5G - E,4,Good phone if you grab it at 24000,2,0
E-Oppo reno 11 5G - E,4,Good product,1,0
E-Oppo reno 11 5G - E,4,"Good phone got it for 24k with card offer and flipkart coins.
Decent camera not so good not so bad, happy for telephoto lens.
Performance is really good for day to day tasks, smooth with no lagg (did not test gams)
5G working fine with airtel and no network issues all good.
Design I like it, curve display plus 120hz are great combination.
I was thinking to buy moto edge 40 neo but went for oppo as I have one previous phone with same brand and have good service.
Overall good option under Rs. 25000 with good camera.",2,0
E-Oppo reno 11 5G - E,4,"Design good, display very good,camra good,but battery   average",1,0
E-Oppo reno 11 5G - E,4,"If you get this phone under 30 k its ok for you. Over all its an all round phone.camera, battery, performance, design all are good, that is above average but not too good.",1,0
E-Oppo reno 11 5G - E,4,Good experience.,1,0
E-Oppo reno 11 5G - E,5,Battery life 8hours only very sleek and performance super camera nice,5,2
E-Oppo reno 11 5G - E,5,"Premium phone super cameras
Fast charging green cover",5,2
E-Oppo reno 11 5G - E,5,"In this range 21- 22k best smart phone compare to others like realme, vivo, moto etx",2,0
E-Oppo reno 11 5G - E,5,"Zoom shot with 0.6x , 5x, and 20x",2,0
E-Oppo reno 11 5G - E,5,"In hand feel and design of the phone is superb
Camera is good
Network excellent
Battery excellent
Processor average",2,0
E-Oppo reno 11 5G - E,5,My product is very good,2,0
E-Oppo reno 11 5G - E,5,"very nice phone
display very good quality",1,0
E-Oppo reno 11 5G - E,5,Wow super quality nice phone,2,0
E-Oppo reno 11 5G - E,5,Mobail is super but heet camara 10/10 charging 10/5,1,0
E-Oppo reno 11 5G - E,5,Good,1,0
E-Oppo reno 11 5G - E,5,Weri weri nice product,2,0
E-Oppo reno 11 5G - E,5,Nice Phone good performance but battery draining fastly,1,0
E-Oppo reno 11 5G - E,5,Good Product,1,0
E-Oppo reno 11 5G - E,4,"Front camera is picture quality is worse
Display intensity is very low in sun",3,1
E-Oppo reno 11 5G - E,4,The phone is good but battery Drains fast.,3,1
E-Oppo reno 11 5G - E,4,Nice phone,4,2
E-Oppo reno 11 5G - E,5,Very nice oppo reno 11 5g. Thank you flipkart for arranged me the perfect phone.,3,1
E-Oppo reno 11 5G - E,5,Best in the market for camera under 30k,3,1
E-Oppo reno 11 5G - E,5,No doubt cemara and design are awesome,3,1
E-Oppo reno 11 5G - E,5,Very very nice.,3,1
E-Oppo reno 11 5G - E,3,"Front camera is not too good
Back camera Average
Battery performance poor
Desgin n performance better
Star rating 3.5",4,1
E-Oppo reno 11 5G - E,5,"The phone has minor issues like heating when multiple apps used together, camera needs to be adjusted for great photography, battery last for just a day after continuous use, I do not see any challenge in regular life, performance is really good, everything is so fast, far better than my last vivo mobile which I used, go buy this for great performance phone.",4,2
E-Oppo reno 11 5G - E,3,"Processing Medium
Camera not Good
Battery capacity 6-7 hours on Display
Sound Quality Good
On this price Phone not Good",1,0
E-Oppo reno 11 5G - E,3,Battary is fast draining.,1,0
E-Oppo reno 11 5G - E,3,"I have purchased this mobile, and am facing battery drain, heating issue. And also UI slowness from after software version update. Hope, this will be solve upcoming update.",1,0
E-Oppo reno 11 5G - E,5,Amazing camara and clear photo,4,3
E-Oppo reno 11 5G - E,4,"All rounder phone everything is balanced. Only battery backup not so good , but manageable.",2,1
E-Oppo reno 11 5G - E,4,Battery Fast draying...,2,1
E-Oppo reno 11 5G - E,4,"Phone functioning too Good, Display was awesome",2,1
E-Oppo reno 11 5G - E,4,"Good   product, but battery   back up not good.",1,0
E-Oppo reno 11 5G - E,4,Camera primary and improvement,1,0
E-Oppo reno 11 5G - E,4,The phone is impressive Back camera performance is good. The front camera was a little bit disappointing. Battery backup is great. Sound ultimate.Phone performance is good.,1,0
E-Oppo reno 11 5G - E,4,"The camera is really very good.
Specially back camera
Long lasting Battery for average use.
But performance is not upto market
As it's processor is not snapdragon so it's laggy for slightly heavy use.
But 1 thing is according to it's price more options is available now in market.
Ok for oppo lover.",1,0
E-Oppo reno 11 5G - E,4,Camera quality is very good but battery backup is normally fast draining,1,0
E-Oppo reno 11 5G - E,4,Nice product.,1,0
E-Oppo reno 11 5G - E,4,Battery capacity low other wise good phone,0,0
E-Oppo reno 11 5G - E,4,"Battery charger so fast 35 min.
Phone sa good .good design and performance. Camera is Also too God...",0,0
E-Oppo reno 11 5G - E,4,"Awesome Camera  
Very good display
Super fast charging
Good battery backup
Design Ok",1,0
E-Oppo reno 11 5G - E,4,"I hate battery backup, but I love display. And camera is decent.",1,0
E-Oppo reno 11 5G - E,4,Very nice,0,0
E-Oppo reno 11 5G - E,4,Over all good for camera not for performance and front camera could be better at this price range,0,0
E-Oppo reno 11 5G - E,4,"Nice display, good camera but the main problem is battery draining. Hope they will fix this.

Edit: After using it for a week and making a few changes, the battery life has increased significantly. Enabling dark mode, power saving mode and optimizing the battery have all contributed to the improved backup.",0,0
E-Oppo reno 11 5G - E,4,"Camera quality very good and bettery breakup very low , proformance nice .",3,3
E-Oppo reno 11 5G - E,5,"My phone battery lasts longer than other phone at my home, my parents bought to phone in BBD at very low price one realme and one samsung and they both drain faster than reno 11. Charging is super fast too, in emergency I just charge for 15 minutes and it helps a lot.",2,1
E-Oppo reno 11 5G - E,5,Nice product,2,1
E-Oppo reno 11 5G - E,5,"Normal Phone.
There isn't Much Advance Than Reno 6 Pro.
Same Specifications in New Design.
in Same Price IQ Z7 Pro is Best Than Reno 11.
Slim,Camera,Battery,Charging Everything..",1,0
E-Oppo reno 11 5G - E,5,"The quality of the phone is awesome and camera, battery, Display is greater than realme,redmi,moto.
Price is deserve for oppo Reno 11",1,0
E-Oppo reno 11 5G - E,5,It is a very nice phone portrait camera is very awesome and charged in approx 50 minutes totally value for money,1,0
E-Oppo reno 11 5G - E,5,Superb performance.,1,0
E-Oppo reno 11 5G - E,5,Oppo always good mobile thankyou flipcart,1,0
E-Oppo reno 11 5G - E,5,Superb Camera,1,0
E-Oppo reno 11 5G - E,5,Best camera's phone under 30k,1,0
E-Oppo reno 11 5G - E,5,"Awesome camera is very good battery back up good, display and performance is very good, thanks.",1,0
E-Oppo reno 11 5G - E,5,All ok,0,0
E-Oppo reno 11 5G - E,5,Very lovely set,0,0
E-Oppo reno 11 5G - E,5,Excellent,0,0
E-Oppo reno 11 5G - E,5,"A good quality phone oppo has brought us. Looks nice and rear camera is good, front camera need more improvement...battery is draining a bit early...overall a good phone from oppo. Haapy to buy.",1,0
E-Oppo reno 11 5G - E,5,Nice,0,0
E-Oppo reno 11 5G - E,5,Very good,0,0
E-Oppo reno 11 5G - E,5,Amezing,0,0
E-Oppo reno 11 5G - E,5,Nice phone,0,0
E-Oppo reno 11 5G - E,5,Nice,0,0
E-Oppo reno 11 5G - E,5,So nice,0,0
E-Oppo reno 11 5G - E,5,Good,0,0
E-Oppo reno 11 5G - E,5,Super phone camera performance,0,0
E-Oppo reno 11 5G - E,5,Best phone,0,0
E-Oppo reno 11 5G - E,5,I bought this mobile only 20k in exchange offer. Best mobile this one,1,0
E-Oppo reno 11 5G - E,5,Nice product go for it,1,0
E-Oppo reno 11 5G - E,5,Camera is excellent. Little bit Disappointed with battery. Overall performance is good.,1,0
E-Oppo reno 11 5G - E,5,I got at 19400 after exchange and discount so this price category it is best out of others.. Definitely camera lovers go for it.. Nd 7050 handles good day to day tasks.. After update battery optimized well and get good sot..,1,0
E-Oppo reno 11 5G - E,5,"There is no audio jack
The camera is good, I am disappointed that the processor's phone under 20k comes with a better processor
Display is good
Conclusion phone for people who play very less games, good phone for those who use mostly social media etc.
It worked smoothly till now",1,0
E-Oppo reno 11 5G - E,5,"Very very nice phone  
Battery backup good",1,0
E-Oppo reno 11 5G - E,5,Superb,1,0
E-Oppo reno 11 5G - E,5,"Great
Portrait camera awesome",1,0
E-Oppo reno 11 5G - E,5,"After using 2 days.....

Superb quality..... Nice performance...... Battery backup is great as compared to other phones in this price range..... Primary camara is  
Front cam need to be improved.... Display awesome.....",1,0
E-Oppo reno 11 5G - E,5,Very Good quality,1,0
E-Oppo reno 11 5G - E,5,Super mobile,1,0
E-Oppo reno 11 5G - E,5,Best potrait,1,0
E-Oppo reno 11 5G - E,5,"Awesome product really I loved it

I have gifted this to my wife",1,0
E-Oppo reno 11 5G - E,5,Very good,1,0
E-Oppo reno 11 5G - E,5,Very nice,1,0
E-Oppo reno 11 5G - E,5,No fingerprint available,5,10
E-Oppo reno 11 5G - E,5,Really awesome,2,2
E-Oppo reno 11 5G - E,3,"Camera quality not too good.
Battery   discharged very quick.
Price too high.
Performance okay. Not too good at this price range.",1,0
E-Oppo reno 11 5G - E,3,Battery is very fast draining....other wise ok ok hai.,1,0
E-Oppo reno 11 5G - E,3,"Within a week the phone is over heating

And the battery is draining too fast

Camera and display is good",1,0
E-Oppo reno 11 5G - E,3,Battery is worst. Need to charge twice a day with normal usage,1,0
E-Oppo reno 11 5G - E,3,Waste of money.Quick charge is falling.Front camera is not good.,0,0
E-Oppo reno 11 5G - E,3,Camera Just okay,0,0
E-Oppo reno 11 5G - E,3,"Front camera very low quality
Rear average",1,0
E-Oppo reno 11 5G - E,5,"Display is super amazing
Battery   is super amazing
Camera is Like DSLR",1,1
E-Oppo reno 11 5G - E,5,Excellent Mobile with this Budget,1,1
E-Oppo reno 11 5G - E,5,I bought this product for camera purpose but camera performance have disappointed. don't buy this phone,1,0
E-Oppo reno 11 5G - E,5,Thik thak in this range,0,0
E-Oppo reno 11 5G - E,5,Amezing camera detail,0,0
E-Oppo reno 11 5G - E,5,"The phone is a complete package that you require. I loved it, it's awesome.",0,0
E-Oppo reno 11 5G - E,5,Bad performance,0,0
E-Oppo reno 11 5G - E,5,Super performance ultra fast charging,0,0
E-Oppo reno 11 5G - E,4,I love it,0,0
E-Oppo reno 11 5G - E,5,Very very good,0,0
E-Oppo reno 11 5G - E,3,Osm mobile,0,0
E-Oppo reno 11 5G - E,4,Fine product,0,0
E-Oppo reno 11 5G - E,5,Good prod,0,0
E-Oppo reno 11 5G - E,4,"I like the product,it is very good.",0,0
E-Oppo reno 11 5G - E,5,Super super,0,0
E-Oppo reno 11 5G - E,4,"Value for money
Excellent Night mode",0,0
E-Oppo reno 11 5G - E,5,Nice mobile,0,0
E-Oppo reno 11 5G - E,5,Very nice product oppo Reno 11 5g,0,0
E-Oppo reno 11 5G - E,4,Super,0,0
E-Oppo reno 11 5G - E,5,Superb camera and phone display disaen,0,0
E-Oppo reno 11 5G - E,5,Calling speker issue,0,0
E-Oppo reno 11 5G - E,5,Very good,0,0
E-Oppo reno 11 5G - E,5,"It's a nice mobile   , great performance

Display very good
Camera good
Battery good
Good Design, overall good

This is my second Reno mobile I like it",0,0
E-Oppo reno 11 5G - E,5,Outstanding looking and camera is also very fine .,0,0
E-Oppo reno 11 5G - E,5,Worth,0,0
E-Oppo reno 11 5G - E,4,Very nice product....,0,0
E-Oppo reno 11 5G - E,5,Not fast charging,0,0
E-Oppo reno 11 5G - E,5,Not bad,0,0
E-Oppo reno 11 5G - E,5,Verry good phone,0,0
E-Oppo reno 11 5G - E,3,Camera quality is so poor,0,0
E-Oppo reno 11 5G - E,5,"Don't buy waste of money. Go for another in this range. Battery drainage is high, camera and screen resolution is low.",0,0
E-Oppo reno 11 5G - E,5,Awesome very look,0,0
E-Oppo reno 11 5G - E,5,Very good,0,0
E-Oppo reno 11 5G - E,3,"Camera quality it's so so, sound and display fantastic  , battery   very bad",0,0
E-Oppo reno 11 5G - E,3,"Back camera awesome like DSLR  
Front camera average",0,0
E-Oppo reno 11 5G - E,4,"Heavy Heating issue, Battery drain very fast, mobile stylish look, slim look",0,0
E-Oppo reno 11 5G - E,5,Battery need improvement and portrait mode as well,0,0
E-Oppo reno 11 5G - E,5,it's more better than i expected,0,0
E-Oppo reno 11 5G - E,4,Cemara much better than battery is good not better display very good   all over very good phone,0,0
E-Oppo reno 11 5G - E,3,"Mobile is overheating and battery problem
Worst mobile don't purchase",1,0
E-Oppo reno 11 5G - E,5,Need Battery improvment,0,0
E-Oppo reno 11 5G - E,3,Awesome phone loved it,0,0
E-Oppo reno 11 5G - E,5,Heigh Heating issue in this phone,0,0
E-Oppo reno 11 5G - E,5,Awesome,0,0
E-Oppo reno 11 5G - E,5,Cam,0,0
E-Oppo reno 11 5G - E,5,Normal mobile good,0,0
E-Oppo reno 11 5G - E,4,Good phone but price according note justify,0,0
E-Oppo reno 11 5G - E,5,Best p,0,0
E-Oppo reno 11 5G - E,3,Ok,0,0
E-Oppo reno 11 5G - E,5,Happy this phone.....,0,0
E-Oppo reno 11 5G - E,4,"The phone has a great camera, good display, and good performance.

Battery life could have been better.

The 67W charger takes around 45 mins to Full charge. I expected it to be better around 30 mins as 33 watts charger usually takes around 1 hour.",1,0
E-Oppo reno 11 5G - E,4,Good,0,0
E-Oppo reno 11 5G - E,5,Overall good but I think work on the camera,0,0
E-Oppo reno 11 5G - E,5,Mobile is heating too fast The battery longibility is not soo good overall not good,0,0
E-Oppo reno 11 5G - E,3,It is 4g mobile 5g singal not show.,0,0
E-Oppo reno 11 5G - E,4,Best phone,0,0
E-Oppo reno 11 5G - E,3,Good,0,0
E-Oppo reno 11 5G - E,4,Nice one and value for money,0,0
E-Oppo reno 11 5G - E,5,Nice product,0,0
E-Oppo reno 11 5G - E,5,"I love it
Front camera is low but back camera is like Dslr fabulous
Battery is okk
Display first class
Design is also worthy
Overall all rounder phone at this price",0,0
E-Oppo reno 11 5G - E,5,Sometimes the touch panel is not working.it is not worthy product for this price range,0,0
E-Oppo reno 11 5G - E,5,Value for money best camera NICE PHONE,0,0
E-Oppo reno 11 5G - E,3,Good product,0,0
E-Oppo reno 11 5G - E,5,"Battery drains, mobile heats up, camera quality good,
Internet speed on 4g network is so weak",0,0
E-Oppo reno 11 5G - E,5,What a stunning camera ! 2x telefous lens is up to the mark ... Night camera is also awesome.,0,0
E-Oppo reno 11 5G - E,4,Excellent mobile by oppo team,0,0
E-Oppo reno 11 5G - E,3,Good,0,0
E-Oppo reno 11 5G - E,5,"Quality
Not badly",0,0
E-Oppo reno 11 5G - E,4,Really nice phone worth the mone,0,0
E-Oppo reno 11 5G - E,5,All good,0,0
E-Oppo reno 11 5G - E,4,Worst product and service,0,0
E-Oppo reno 11 5G - E,4,Smooth working,0,0
E-Oppo reno 11 5G - E,5,Awesome,0,0
E-Oppo reno 11 5G - E,5,Valuable price,0,0
E-Oppo reno 11 5G - E,4,Value for money.,0,0
E-Oppo reno 11 5G - E,5,Nice Device By Daily uses,0,0
E-Oppo reno 11 5G - E,5,Nice mobile I am so happy love it,0,0
E-Oppo reno 11 5G - E,4,Excellent Product,0,0
E-Oppo reno 11 5G - E,4,the phone like just wow..,0,0
E-Oppo reno 11 5G - E,5,Very good,0,0
E-Oppo reno 11 5G - E,5,Front camera is not so good but back camera is excellent,0,0
E-Oppo reno 11 5G - E,5,Best,0,0
E-Oppo reno 11 5G - E,5,Very good Mobile I am happy with Oppo Reno 11 Camara is Glorious And also Very good looking phone.,0,0
E-Oppo reno 11 5G - E,4,Oppo Reno 11 5G camera is best,0,0
E-Oppo reno 11 5G - E,5,Good phone thank you flipkart person,0,0
E-Oppo reno 11 5G - E,5,It's just osam,0,0
E-Oppo reno 11 5G - E,3,"Don't buy this phone if you want good battery life. Rather than that, all other features are good.",0,0
E-Oppo reno 11 5G - E,4,"After using few weeks posting my ratings and reviews about this cell phone  

#Awesome

Go ahead guys must buy loved this   cell phone so light weight awesome curvy designs",0,0
E-Oppo reno 11 5G - E,4,Good one,0,0
E-Oppo reno 11 5G - E,3,Mobile is too hot...,0,0
E-Oppo reno 11 5G - E,5,Nice Mobile,0,0
E-Oppo reno 11 5G - E,3,Very nice,0,0
E-Oppo reno 11 5G - E,5,"Camera is extraordinary
Remaining all are waste
Camera is your primary need buy this
Otherwise don't buy this in this place buy any realme mobile under 15k ,battery and performance is worst",1,2
E-Oppo reno 11 5G - E,5,Varry good,0,0
E-Oppo reno 11 5G - E,5,Battery capacity is very low,2,0
E-Oppo reno 11 5G - E,4,Good,0,0
E-Oppo reno 11 5G - E,4,Camera is not that good everything else is good,0,0
E-Oppo reno 11 5G - E,5,Good,0,0
E-Oppo reno 11 5G - E,5,Good realme phone,0,0
E-Oppo reno 11 5G - E,4,Camera very poor and Draining battery early,1,0
E-Oppo reno 11 5G - E,3,"It's have good display, And good battery backup.i don't feel any lagging while using this phone. Smooth run. But camara is worst , and document scanner too I don't expect this. because camara is to bad. Hope it will change in updates.",0,0
E-Oppo reno 11 5G - E,5,"Heating problem. and. battery. drain very.
Fast camera is good",0,0
E-Oppo reno 11 5G - E,4,Good,0,0
E-Oppo reno 11 5G - E,5,Don't buy this product,0,0
E-Oppo reno 11 5G - E,5,Good camera but performance is low,0,0
E-Oppo reno 11 5G - E,4,Good Product....,0,0
E-Oppo reno 11 5G - E,5,Camera Quality Not Fair,0,3
E-Oppo reno 11 5G - E,3,This mobile too good,0,0
E-Oppo reno 11 5G - E,5,Hang and heat pro,0,0
E-Oppo reno 11 5G - E,5,"Light weight, Attractive design, Telescopic Camera, 67 watt super fast charger make it unique stylist phone. Great Value for money phone.",0,0
E-Oppo reno 11 5G - E,5,Good product,0,0
E-Oppo reno 11 5G - E,3,Good,0,0
E-Oppo reno 11 5G - E,3,Camera quality is very very very poor.,0,2
E-Oppo reno 11 5G - E,5,Fantastic phone I love this,0,0
E-Oppo reno 11 5G - E,4,Camera and weight less design,0,0
E-Oppo reno 11 5G - E,5,Good,0,0
E-Oppo reno 11 5G - E,3,"Disappointed with Camera quality after system update. Battery draining very fast. Need reliability in such ranges, not happy at all.",0,0
E-Oppo reno 11 5G - E,4,Camera is not up to mark... design is sleek but performance should be improved by updating new processor,0,0
E-Oppo reno 11 5G - E,5,"Good phone..
Good display
Good camera",0,0
E-Oppo reno 11 5G - E,5,"Good mobile good camera
Good battery overall good but price slightly high",0,0
E-Oppo reno 11 5G - E,5,Good,0,0
E-Oppo reno 11 5G - E,4,Really good one,0,0
E-Oppo reno 11 5G - E,4,Really good phone at this price range camera is really good I really loved it display full curved amoled display,0,0
E-Oppo reno 11 5G - E,4,"Phone hang, Low quality camera, and mobile over heating",3,2
E-Oppo reno 11 5G - E,5,Phone performance was good,0,0
E-Oppo reno 11 5G - E,4,Nice it was amazing,0,0
E-Oppo reno 11 5G - E,5,Good phone,0,0
E-Oppo reno 11 5G - E,5,Good,0,0
E-Oppo reno 11 5G - E,5,Overall good,0,0
E-Oppo reno 11 5G - E,5,Nice phone but camara is medium.,0,0
E-Oppo reno 11 5G - E,5,"Overall good   handset
Some battery issue draining something fast than other same battery capacity mobiles
Camera awesome
Look awesome
Performance awesome",0,0
E-Oppo reno 11 5G - E,5,"Go for it, Zabardast M",0,0
E-Oppo reno 11 5G - E,4,Battery drains so fast and the Spotify voucher is not working.,1,0
E-Oppo reno 11 5G - E,4,Too much heat while changing,2,1
E-Oppo reno 11 5G - E,5,Good mobile,0,0
E-Oppo reno 11 5G - E,5,Nice prodect   mobile is good,0,0
E-Oppo reno 11 5G - E,5,Best phot,0,0
E-Oppo reno 11 5G - E,5,Gr8,0,0
E-Oppo reno 11 5G - E,4,Nice   product.,0,0
E-Oppo reno 11 5G - E,5,Not bad,0,0
E-Oppo reno 11 5G - E,3,Got it,0,0
E-Oppo reno 11 5G - E,5,Super,0,0
E-Oppo reno 11 5G - E,5,Fabulous,0,0
E-Oppo reno 11 5G - E,5,Very Good Device,0,0
E-Oppo reno 11 5G - E,5,Nice,0,0
E-Oppo reno 11 5G - E,5,So much good performance,0,0
E-Oppo reno 11 5G - E,5,Best collection,0,0
E-Oppo reno 11 5G - E,5,Beautiful,0,0
E-Oppo reno 11 5G - E,5,Nice,0,0
E-Oppo reno 11 5G - E,4,Good product,0,0
E-Oppo reno 11 5G - E,4,After the 30 days uses I faced back portrait camera as DSLR and every camera is pure natural picture clicked overall performance is good under 30k..,0,0
E-Oppo reno 11 5G - E,5,Good,0,0
E-Oppo reno 11 5G - E,4,Good,0,0
E-Oppo reno 11 5G - E,3,The phone is good but the battery drain so fast.,0,0
E-Oppo reno 11 5G - E,5,"Worst product I've ever purchased.
Worst experience with the flipkart.",1,0
E-Oppo reno 11 5G - E,4,Awesome,0,0
E-Oppo reno 11 5G - E,5,Good for money,0,0
E-Oppo reno 11 5G - E,3,Overall phone is good but battery very bad.,0,0
E-Oppo reno 11 5G - E,4,Very bad headset,1,1
E-Oppo reno 11 5G - E,3,Camera good,0,0
E-Oppo reno 11 5G - E,3,Ok,0,0
E-Oppo reno 11 5G - E,5,In video call camera quality is very bad.then phone get heat up fastly after the video call and charging..pls oppo fix this issue quickly..camera quality is very poor,0,0
E-Oppo reno 11 5G - E,3,Good quality camera,0,0
E-Oppo reno 11 5G - E,5,Not best price,0,0
E-Oppo reno 11 5G - E,5,Very good,0,0
E-Oppo reno 11 5G - E,4,Very nice,0,0
E-Oppo reno 11 5G - E,5,Good,0,0
E-Oppo reno 11 5G - E,5,Nice,0,0
E-Oppo reno 11 5G - E,5,Good,0,0
E-Oppo reno 11 5G - E,5,"Nice phone ,but a bit pricy than its competitors.camera department is quite disappointing,otherwise it is nice phone.",0,0
E-Oppo reno 11 5G - E,5,It's very excellent but battery performance not to perform well.otherwise so,0,0
E-Oppo reno 11 5G - E,5,Very good,0,0
E-Oppo reno 11 5G - E,3,"Beautiful design, very good performance, excellent camera and display, little bit disappointed with battery drained quickly.Not upto the mark when charging, it's taking too much time with 67 watt charger.oppo plz do something for it",0,0
E-Oppo reno 11 5G - E,5,this phone is so good,0,0
E-Oppo reno 11 5G - E,5,Good phone,0,0
E-Oppo reno 11 5G - E,5,Good,0,0
E-Oppo reno 11 5G - E,5,Excellent purchase,0,0
E-Oppo reno 11 5G - E,3,After use 2months heating problem. Battery backup is very bad . Waste money.please don't waste money.im so worried purchashing this product. In this price range please see others smartphone.,2,0
E-Oppo reno 11 5G - E,5,Ok types,0,0
E-Oppo reno 11 5G - E,4,Good,0,0
E-Oppo reno 11 5G - E,5,This mobile camera is awesome but his battery draining fast and heating problem,0,0
E-Oppo reno 11 5G - E,5,"Best camera phone  
Heating problem  
Battery average  
Good display",0,0
E-Oppo reno 11 5G - E,5,Super thanks to Flipkart,0,0
E-Oppo reno 11 5G - E,5,Good product,0,0
E-Oppo reno 11 5G - E,5,Nice product,0,0
E-Oppo reno 11 5G - E,4,Nice looking,0,0
E-Oppo reno 11 5G - E,4,Very nice looking,0,0
E-Oppo reno 11 5G - E,4,Good one in this price segment but battery drains out quickly,0,0
E-Oppo reno 11 5G - E,5,"Best camera phone, smooth touch, great design but battery drains fast, quick charge.",0,0
E-Oppo reno 11 5G - E,5,Super,0,0
E-Oppo reno 11 5G - E,4,"This is the worst product.kindly don't purchase.
I have been using this phone for the last 2 months. Camera quality is very bad. During the afternoon, suppose you're taking photos, the display will become completely black. There will not be any light on the display.
Mobile is getting hanged frequently.
The battery is okay but not good.
It is a waste of money.
Kindly don't purchase this product.",1,0
E-Oppo reno 11 5G - E,3,Camera quality is best,0,0
E-Oppo reno 11 5G - E,5,Performance good,0,0
E-Oppo reno 11 5G - E,5,Heating issue with ph,0,0
E-Oppo reno 11 5G - E,5,Nice,0,0
E-Oppo reno 11 5G - E,5,Looks good...sleek and stylish,0,0
E-Oppo reno 11 5G - E,4,I love this mobile and flipkard,0,0
E-Oppo reno 11 5G - E,5,Waste of money,0,0
E-Oppo reno 11 5G - E,4,Nice product,0,0
E-Oppo reno 11 5G - E,5,Holi Special camera 10/10 ...I recommend Everyone Person...,0,0
E-Oppo reno 11 5G - E,5,It's a good buy,0,0
E-Oppo reno 11 5G - E,4,All are good best phone,0,0
E-Oppo reno 11 5G - E,5,My oppo is the Best quality,0,0
E-Oppo reno 11 5G - E,5,Good,0,0
E-Oppo reno 11 5G - E,5,Very Good Product,0,0
E-Oppo reno 11 5G - E,5,Superb,0,0
E-Oppo reno 11 5G - E,5,Verry nice Mobile,0,0
E-Oppo reno 11 5G - E,4,Only nice,0,0
E-Oppo reno 11 5G - E,5,GHant phone very light weight,0,1
E-Oppo reno 11 5G - E,5,All good thank you so much,0,0
E-Oppo reno 11 5G - E,4,Battery back up not very good. Lasts full day with moderate use. Gets heated easily. Display and design is good but could have been better in terms of performance. Fast charging is good.,0,0
E-Oppo reno 11 5G - E,4,"Don't make this type of mobile, useless",2,0
E-Oppo reno 11 5G - E,3,Camera quality is very good n also display is working very smooth and faster,0,0
E-Oppo reno 11 5G - E,5,"Super mobile
Go for it",0,0
E-Oppo reno 11 5G - E,4,Fabulous   loved it,0,0
E-Oppo reno 11 5G - E,5,Good mobile and camera n design but battery little more better,0,0
E-Oppo reno 11 5G - E,5,Good,0,0
E-Oppo reno 11 5G - E,5,Nice,0,0
E-Oppo reno 11 5G - E,5,Exclellent mobile,0,0
E-Oppo reno 11 5G - E,5,Nice ph,0,0
E-Oppo reno 11 5G - E,3,Good,0,0
E-Oppo reno 11 5G - E,5,Very nice,0,0
E-Oppo reno 11 5G - E,5,Good,0,0
E-Oppo reno 11 5G - E,3,"Night camera is very good, but battery drains fast. Also Heating problem while playing games",0,0
E-Oppo reno 11 5G - E,4,Just Looking like a wow,0,0
E-Oppo reno 11 5G - E,4,Light weight and nice operation,0,0
E-Oppo reno 11 5G - E,5,Excellent,0,0
E-Oppo reno 11 5G - E,4,Best camera phone,0,0
E-Oppo reno 11 5G - E,5,Exhalent,0,0
E-Oppo reno 11 5G - E,4,Camara quality awesome design super features are really good,0,0
E-Oppo reno 11 5G - E,4,Product is awesome,0,0
E-Oppo reno 11 5G - E,4,Camera quality is impressive,0,0
E-Oppo reno 11 5G - E,5,Don't buy this phone.its battery Drain very fast.I am totally disappointed of this phone.,1,0
E-Oppo reno 11 5G - E,5,Excellent,0,0
E-Oppo reno 11 5G - E,4,Good,0,0
E-Oppo reno 11 5G - E,5,very very bad,1,0
E-Oppo reno 11 5G - E,4,Excellent,0,0
E-Oppo reno 11 5G - E,5,Best product...,0,0
E-Oppo reno 11 5G - E,3,All in all it is good,0,0
E-Oppo reno 11 5G - E,5,Camera not perfect battery worst,0,0
E-Oppo reno 11 5G - E,5,Not working properly,0,0
E-Oppo reno 11 5G - E,5,Fabulous,0,0
E-Oppo reno 11 5G - E,5,Camera quality good,0,0
E-Oppo reno 11 5G - E,5,Very light weight and slim,0,0
E-Oppo reno 11 5G - E,5,Value for money product,0,0
E-Oppo reno 11 5G - E,5,Good pro,0,0
E-Oppo reno 11 5G - E,5,Oppo Reno 11 super phone best phone nice super camera 40 minutes charging camera quality awesome super aml display so super curved display thank you the Flipkart one day delivery Flipkart thank you so much the Flipkart,0,1
E-Oppo reno 11 5G - E,5,Camera is very good,0,0
E-Oppo reno 11 5G - E,4,As expected,0,0
E-Oppo reno 11 5G - E,4,This phone is very nice in performance and better battery health. Camera is best picture quality,0,0
E-Oppo reno 11 5G - E,5,"Yes I am like this product because ultra fast charging,good camera  ,speed performing",0,0
E-Oppo reno 11 5G - E,5,Nice mobile,0,0
E-Oppo reno 11 5G - E,5,Best,0,0
E-Oppo reno 11 5G - E,5,"I think for normal use,normal performance and for decent look, this mobile is best.",0,0
E-Oppo reno 11 5G - E,5,"Ok ok but more future mobile is coming in upcoming days please wait and buy it

This mobile also good and advance but price is little high it's mobile worth it good option",0,0
E-Oppo reno 11 5G - E,5,Very good product   nice camera,0,0
E-Oppo reno 11 5G - E,5,Good feel,0,0
E-Oppo reno 11 5G - E,4,Very poor camera,0,0
E-Oppo reno 11 5G - E,4,Slightly heat up the device.,0,0
E-Oppo reno 11 5G - E,5,Very good camera excellent display good performance excellent design overall very good experience I Love it,0,0
E-Oppo reno 11 5G - E,4,Thank you oppo and Flipkart,0,0
E-Oppo reno 11 5G - E,5,Very good phone,0,0
E-Oppo reno 11 5G - E,5,Good,0,0
E-Oppo reno 11 5G - E,5,Nice Phone I am Fully satisfied. ....,0,0
E-Oppo reno 11 5G - E,5,Nice,0,0
E-Oppo reno 11 5G - E,4,Ok,0,0
E-Oppo reno 11 5G - E,3,Speaker quality very very bad,0,0
E-Oppo reno 11 5G - E,4,Not bad,0,0
E-Oppo reno 11 5G - E,5,Nyc,0,0
E-Oppo reno 11 5G - E,5,waste of money,0,0
E-Oppo reno 11 5G - E,4,Display very good,0,0
E-Oppo reno 11 5G - E,5,Overall performance is good...,0,0
E-Oppo reno 11 5G - E,5,Camera not satisfactory with this price range,0,0
E-Oppo reno 11 5G - E,5,Very good,0,0
E-Oppo reno 11 5G - E,5,"Not good, sim card slot issue, no network connection",0,0
E-Oppo reno 11 5G - E,5,Beautiful product........,0,0
E-Oppo reno 11 5G - E,5,Wow,0,0
E-Oppo reno 11 5G - E,5,"Cons-
Front camera is not good. Don't buy for the front camera
67W Fast charging not fast. Only label. Even my older real me 8 33w is more faster than this.
Video Stability is worst even in ultra steady mode. While traveling in the car the videos are too shaky.
The device is hot while I am using it outside, the camera is getting hang and objects were identified very slowly. Even Front camera without any heat the camera is slow.

Pros-
Taking Photos in the Back Camera is very good in good lighting.
Back Camera videos are good without any movement.
Good speakers. Loud and clear
Good Performance.",0,0
E-Oppo reno 11 5G - E,3,Very good,0,0
E-Oppo reno 11 5G - E,5,V nice,0,0
E-Oppo reno 11 5G - E,5,Good product medium category,0,0
E-Oppo reno 11 5G - E,5,Cemara very nice,0,0
E-Oppo reno 11 5G - E,5,Good,0,0
E-Oppo reno 11 5G - E,5,Excellent,0,0
E-Oppo reno 11 5G - E,5,All good,0,0
E-Oppo reno 11 5G - E,3,Good but not very good,0,0
E-Oppo reno 11 5G - E,4,Good,0,0
E-Oppo reno 11 5G - E,5,Camera and display not good,0,0
E-Oppo reno 11 5G - E,3,"worst mobile don't buy,",0,0
E-Oppo reno 11 5G - E,4,Awesome products,0,0
E-Oppo reno 11 5G - E,5,"Product is very Good, and Battery backup use to low.",0,0
E-Oppo reno 11 5G - E,4,"Please don't buy this product
It's time waste
Camera is too worst and not worth for this price
It suggest lot of app gestures which is to irritating.",0,0
E-Oppo reno 11 5G - E,5,Nice camera,0,0
E-Oppo reno 11 5G - E,4,Good,0,0
E-Oppo reno 11 5G - E,4,"So far I haven't seen any problems, except that some Vedic apps are not available for oppo India, and many generic apks are not suitable directly for oppo. otherwise, everything looks good till now.",0,0
E-Oppo reno 11 5G - E,3,This is a good smartphone. Camera and performance is better but battery lasts a bit.,0,0
E-Oppo reno 11 5G - E,4,Don't buy this phone,0,0
E-Oppo reno 11 5G - E,3,Overall not bad,0,0
E-Oppo reno 11 5G - E,5,Poor quality phone... Screen look like lcd.... Camera is so poor...,0,0
E-Oppo reno 11 5G - E,5,Newer expected from oppo Reno camera and battery performance is very poor,0,0
E-Oppo reno 11 5G - E,4,Good,0,0
E-Oppo reno 11 5G - E,4,Good product,0,0
E-Oppo reno 11 5G - E,5,Best product in the price range.,0,0
E-Oppo reno 11 5G - E,4,"After one week of use! What my experience,it was good for normal user",0,0
E-Oppo reno 11 5G - E,5,Front camera is average. Rest are awesome,0,0
E-Oppo reno 11 5G - E,4,"Awesome performance, battery backup more
Charging speed like bullets",0,0
E-Oppo reno 11 5G - E,4,Best camera phone performance is also good,0,0
E-Oppo reno 11 5G - E,4,Good,0,0
E-Oppo reno 11 5G - E,5,VERY GOOD PHONE,0,0
E-Oppo reno 11 5G - E,5,Camera is very bad,0,0
E-Oppo reno 11 5G - E,4,Excellent,0,0
E-Oppo reno 11 5G - E,5,Good,0,0
E-Oppo reno 11 5G - E,5,Camera not performing well,0,0
E-Oppo reno 11 5G - E,4,Battery draining very fast,0,0
E-Oppo reno 11 5G - E,5,Disappointed camera,0,0
E-Oppo reno 11 5G - E,5,Golden choice,0,0
E-Oppo reno 11 5G - E,5,Awesome phone,0,0
E-Oppo reno 11 5G - E,5,"In this price range
These mobile is really good",0,0
E-Oppo reno 11 5G - E,5,All over performance fantastic,0,0
E-Oppo reno 11 5G - E,4,Great,0,0
E-Oppo reno 11 5G - E,4,Okk good,0,0
E-Oppo reno 11 5G - E,4,Excellent and super,0,0
E-Oppo reno 11 5G - E,5,Low,0,0
E-Oppo reno 11 5G - E,5,I am so happy,0,0
E-Oppo reno 11 5G - E,4,"Nice product.camara performance excellent.battary too good,fast charging amazing.display superb overall good",0,0
E-Oppo reno 11 5G - E,5,"Play video is good camera is also good but zoom pic need some more clarity
Battery and its fast charging is very good
Overall all good",0,0
E-Oppo reno 11 5G - E,5,Osm Camera Osm design Osm Battery,0,0
E-Oppo reno 11 5G - E,5,Nice pic qual,0,0
E-Oppo reno 11 5G - E,4,It's amazing,0,0
E-Oppo reno 11 5G - E,5,I writing this Review after 15 Days Use of this Phone. Getting Dekivery So late i preorder tbis phone.Phone is Awesome. Camera n All Good quality. Charger Slightly slow but Good. Battery draining Fast. Overall Happy With Tgis Phone. Love u Oppo.,0,0
E-Oppo reno 11 5G - E,4,"All are good ,only con battery drain very fast,reaming there is no single con",0,0
E-Oppo reno 11 5G - E,3,I am so happy,0,0
E-Oppo reno 11 5G - E,3,disappointed in camera,0,0
E-Oppo reno 11 5G - E,4,More batter option at this price range,0,0
E-Oppo reno 11 5G - E,5,Nice,0,0
E-Oppo reno 11 5G - E,5,Super mobile,0,0
E-Oppo reno 11 5G - E,5,Good product,0,0
E-Oppo reno 11 5G - E,5,Good phone,0,0
E-Oppo reno 11 5G - E,5,Totally Good Mobile Good functions,0,0
E-Oppo reno 11 5G - E,4,Good,0,0
E-Oppo reno 11 5G - E,5,Awesome picture of the,0,0
E-Oppo reno 11 5G - E,3,Ok,0,0
E-Oppo reno 11 5G - E,5,Good,0,0
E-Oppo reno 11 5G - E,4,3 month after phone buy I found phone very heating...I suggest not buy this phone,0,0
E-Oppo reno 11 5G - E,5,Good phone,0,0
E-Oppo reno 11 5G - E,5,Nice mobile,0,0
E-Oppo reno 11 5G - E,5,This price range is amazing,0,0
E-Oppo reno 11 5G - E,3,Battery drain fast.,0,0
E-Oppo reno 11 5G - E,3,"Camera quality just average only.display,design, and battery also good.",0,0
E-Oppo reno 11 5G - E,5,Excellent mobile and I like this color classic luck,0,0
E-Oppo reno 11 5G - E,5,Good job responsibilities HOBBIES namaste I had a great time in the inner wear     I have to return   I am writing this     I have been a shift     I have been a shift   I have also   I have been in touch   I am confident about your family and maintenance MCP signage is normal condition on the way you can do not reply me uprite namaste I have to carry on with you will get it done in a shift Fireman Working in Elante namaste I have to carry on with you will get it done in a shift Fireman Working in Elante namaste I have to,0,1
E-Oppo reno 11 5G - E,3,Just ok,0,0
E-Oppo reno 11 5G - E,5,Camera is average battery one day to time charging,0,0
E-Oppo reno 11 5G - E,5,All over good,0,0
E-Oppo reno 11 5G - E,3,It's a very good pH,0,0
E-Oppo reno 11 5G - E,3,Average product,0,0
E-Oppo reno 11 5G - E,5,Best mobile in this price,0,0
E-Oppo reno 11 5G - E,4,Best for use,0,0
E-Oppo reno 11 5G - E,5,Awesome Mobile. Worth for money. Must buy.,0,0
E-Oppo reno 11 5G - E,5,Nice camera and battery performance,0,0
E-Oppo reno 11 5G - E,5,Good,0,0
E-Oppo reno 11 5G - E,5,Good,0,0
E-Oppo reno 11 5G - E,4,Very good,0,0
E-Oppo reno 11 5G - E,5,Not as expected in this amount compared to others,0,0
E-Oppo reno 11 5G - E,5,"Blurry pics camera needs to be improved
Flipkart return policy is so bad",0,0
E-Oppo reno 11 5G - E,5,Cemara is very good,0,0
E-Oppo reno 11 5G - E,5,Exelent,0,0
E-Oppo reno 11 5G - E,5,The back camera is too dark and doesn't show object clearly better to avoid if buying for camera,0,0
E-Oppo reno 11 5G - E,4,Super performance oppo Reno 11 5g,0,0
E-Oppo reno 11 5G - E,4,Nice Product. Battery Backup is very Good,0,0
E-Oppo reno 11 5G - E,5,Super mobile futures,0,0
E-Oppo reno 11 5G - E,4,Good product,0,0
E-Oppo reno 11 5G - E,5,great mobile,0,0
E-Oppo reno 11 5G - E,5,"Phone is very nice, camera back , front  , battery",0,0
E-Oppo reno 11 5G - E,4,Very nice,0,0
E-Oppo reno 11 5G - E,4,It is good but battery backup is not better performance vs other 5000mah battery phone,0,0
E-Oppo reno 11 5G - E,3,Battary back up is very disappointed.dont buy this phone. Battary draining fast without any usage,0,0
E-Oppo reno 11 5G - E,5,Good phone,0,0
E-Oppo reno 11 5G - E,4,Awesome,0,0
E-Oppo reno 11 5G - E,5,Nice,0,0
E-Oppo reno 11 5G - E,5,Very nice but price too high,0,0
E-Oppo reno 11 5G - E,3,Very nice phone but camera bad,0,0
E-Oppo reno 11 5G - E,5,Nice oppo Reno 11 5G phone,0,0
E-Oppo reno 11 5G - E,5,Value for money,0,0
E-Oppo reno 11 5G - E,5,Nice product,0,0
E-Oppo reno 11 5G - E,3,Good but mobile for heating problem,0,0
E-Oppo reno 11 5G - E,5,"Camera quality is very bad disappointed... background design like chapri in this price range.
Display is okay ok..all over a very bad experience of oppo Reno premium phone.",1,0
E-Oppo reno 11 5G - E,4,not bad,0,0
E-Oppo reno 11 5G - E,4,Very nice,0,0
E-Oppo reno 11 5G - E,5,Over all great only bettery is poor...oppo please improve it.,0,0
E-Oppo reno 11 5G - E,5,Nice lo,0,0
E-Oppo reno 11 5G - E,5,Aoo over go,0,0
E-Oppo reno 11 5G - E,5,Awesome,0,0
E-Oppo reno 11 5G - E,5,Good,0,0
E-Oppo reno 11 5G - E,5,Very good,0,0
E-Oppo reno 11 5G - E,3,Front camera what's app video call is blur.and battery fast drained,0,0
E-Oppo reno 11 5G - E,4,It's good product for normal user not for gamers.,0,0
E-Oppo reno 11 5G - E,4,Stunning features phone,0,0
E-Oppo reno 11 5G - E,5,I like it,0,0
E-Oppo reno 11 5G - E,5,It's an amazing phone and lovely design and the case cover is also cute,0,0
E-Oppo reno 11 5G - E,4,It's very good product.,0,0
E-Oppo reno 11 5G - E,3,"Worst condition
Even camera is not good
Heating issue
Don't buy it",1,0
E-Oppo reno 11 5G - E,5,"Camera clarity is not up mark in most of the cases,Reno 6 is way more better than this, you cannot hear other person voice in a call in most of the calls.",0,0
E-Oppo reno 11 5G - E,5,"Battery drain very fast.
No feels like 120Hz refresh rate.
And free Spotify premium code not working.",0,0
E-Oppo reno 11 5G - E,4,"After using for 7 days.

Battery capacity should be more.
Camera is super",0,0
E-Oppo reno 11 5G - E,5,Camera quality thodi improve kre all ok,0,0
E-Oppo reno 11 5G - E,5,Exllent mobile looking and very nice camara or battery  . Iam so happy thanks for Flipkart.,0,0
E-Oppo reno 11 5G - E,5,Nice,0,0
E-Oppo reno 11 5G - E,3,I like the design and the curved display which looks great like a premium smartphone...,0,0
E-Oppo reno 11 5G - E,5,Low speed network,0,0
E-Oppo reno 11 5G - E,5,Love it oppo Reno 11,0,0
E-Oppo reno 11 5G - E,3,Just like a DSLR Telephoto camera. Very smooth and display is too good.,0,0
E-Oppo reno 11 5G - E,5,"Product is Average and Battery Performance is Very Poor very Wurst battery Back Up
No suggestions for buying this product for every one",6,1
E-Oppo reno 11 5G - E,5,Good,0,0
E-Oppo reno 11 5G - E,5,Very good   product in this price range,0,0
E-Oppo reno 11 5G - E,5,Best phones,0,0
E-Oppo reno 11 5G - E,5,Good,0,0
E-Oppo reno 11 5G - E,5,Nice,0,0
E-Oppo reno 11 5G - E,4,good,0,0
E-Oppo reno 11 5G - E,3,Back camera is good like DSLR. But front camera not like other mobile....,0,0
E-Oppo reno 11 5G - E,5,Money value,0,0
E-Oppo reno 11 5G - E,4,Good product,0,0
E-Oppo reno 11 5G - E,5,Super,0,0
E-Oppo reno 11 5G - E,5,Good,0,0
E-Oppo reno 11 5G - E,5,Fantastic product,0,0
E-Oppo reno 11 5G - E,5,Nice one,0,0
E-Oppo reno 11 5G - E,5,Nice,0,0
E-Oppo reno 11 5G - E,3,Battery backup very low,0,0
E-Oppo reno 11 5G - E,4,Ok,0,0
E-Oppo reno 11 5G - E,5,"Super mobile phone very good  
Thank you Flipkart",0,0
E-Oppo reno 11 5G - E,5,Good,0,0
E-Oppo reno 11 5G - E,5,Very nice oppo reno 11 products,0,0
E-Oppo reno 11 5G - E,5,Osm product,0,0
E-Oppo reno 11 5G - E,4,Excellent phone but only drawback is it's front camera and battary . Battary draining very fast.,0,0
E-Oppo reno 11 5G - E,5,Nice phone,0,0
E-Oppo reno 11 5G - E,5,"Phone good
But battery only off day working",1,0
E-Oppo reno 11 5G - E,5,Mobile very good,0,0
E-Oppo reno 11 5G - E,4,Okay,0,0
E-Oppo reno 11 5G - E,5,"A good product of Oppo family. Except little bit battary issue, I am happy with this product.",0,0
E-Oppo reno 11 5G - E,3,Very good phone,0,0
E-Oppo reno 11 5G - E,5,Over all a good smartphone,0,0
E-Oppo reno 11 5G - E,4,Thanku flipkart,0,0
E-Oppo reno 11 5G - E,5,Very worst phone. Particularly battery is very worst.drainig so fast and over heating. Front camera is very bad. Don't waste your money,0,0
E-Oppo reno 11 5G - E,5,Very good,0,0
E-Oppo reno 11 5G - E,3,Good,0,0
E-Oppo reno 11 5G - E,4,"Product is good but camera quality is not good in this price, I think high price of this product.",0,0
E-Oppo reno 11 5G - E,4,Sometimes mobile slip from our hands....so please improve strength (mazbooti).,0,0
E-Oppo reno 11 5G - E,5,So good,0,0
E-Oppo reno 11 5G - E,5,NYC phone,0,0
E-Oppo reno 11 5G - E,5,"Light weight and good performance. Bundled with charger, screen guard and back cover.
UI is nice and easy to use for elders too.
Some bloatwear, but can be removed or disabled.
Value for money",0,0
E-Oppo reno 11 5G - E,5,Good,0,0
E-Oppo reno 11 5G - E,4,Portrait camera is very good,0,0
E-Oppo reno 11 5G - E,5,Nice Camera,0,0
E-Oppo reno 11 5G - E,5,Good camara but also battery is good,0,0
E-Oppo reno 11 5G - E,5,Not Good,0,0
E-Oppo reno 11 5G - E,5,Flipkart is very good plateform nd all staff is very good.,0,0
E-Oppo reno 11 5G - E,5,Camera is very poor,0,0
E-Oppo reno 11 5G - E,5,"Camera like DSLR,
Battery dain faster when ur not optimised the batter...
Best Performance in day to dat task not for gamer's.
OS Smooth and well optimised.
Best things no ads...",0,0
E-Oppo reno 11 5G - E,4,Very nice product.......,0,0
E-Oppo reno 11 5G - E,5,Very good,0,0
E-Oppo reno 11 5G - E,5,Photo quality avarage blacky photos . battery drain fast,0,0
E-Oppo reno 11 5G - E,4,Excellent,0,0
E-Oppo reno 11 5G - E,5,Very good   camera quality is excellent,0,0
E-Oppo reno 11 5G - E,4,Nice Oppo,0,0
E-Oppo reno 11 5G - E,3,Nice,0,0
E-Oppo reno 11 5G - E,5,Camera is very good what this battery is a good,0,0
E-Oppo reno 11 5G - E,5,Battery drain rapidly...don't buy worst phone....once purchased Filpkart is not helping..,1,0
E-Oppo reno 11 5G - E,5,Worst camera. Reno series known for the cameras. But this phone is having a third class camera.,0,0
E-Oppo reno 11 5G - E,4,"Oppo phone's camera is not very good, Vivo's camera is better, not a very good phone, just ok.
The front camera is not very good, the company should pay attention to this because good camera phones are available in this range and Oppo phones are identified by the camera.So I am not Agree with this phone",0,0
E-Oppo reno 11 5G - E,5,Best smartphone in this price range,0,0
E-Oppo reno 11 5G - E,5,Thanks,0,0
E-Oppo reno 11 5G - E,3,Stunning photography,0,0
E-Oppo reno 11 5G - E,3,Everything is good but camera not much expected...nyt time camare was very bad,0,0
E-Oppo reno 11 5G - E,4,"Back camera is good. selfie camera is just ok
Battery is ok
Light phone
Overall ok phone",0,0
E-Oppo reno 11 5G - E,5,This phone is all good,0,0
E-Oppo reno 11 5G - E,5,Excellent,0,0
E-Oppo reno 11 5G - E,4,Camera not good,0,0
E-Oppo reno 11 5G - E,4,That was amazing feeling like flagship level,0,0
E-Oppo reno 11 5G - E,5,Good phone,0,0
E-Oppo reno 11 5G - E,5,Beautiful camera,0,0
E-Oppo reno 11 5G - E,5,Vert good,0,0
E-Oppo reno 11 5G - E,5,"very good  
i m very happy",0,0
E-Oppo reno 11 5G - E,5,Always good,0,0
E-Oppo reno 11 5G - E,5,"Nice mobile, good performance no heating or hanging issue but batter will dry while heavy use fastly.",0,0
E-Oppo reno 11 5G - E,5,"Battery is very bad, selfie camera is just poor, I had Reno 2z it's nothing like that. It's like a 10/12k phone getting sealed in the name of oppo Reno",1,0
E-Oppo reno 11 5G - E,5,Superb Reno 11 series,0,0
E-Oppo reno 11 5G - E,4,Nice phone,0,0
E-Oppo reno 11 5G - E,5,Excellent at this price range.i loved it,0,0
E-Oppo reno 11 5G - E,4,Nice phone,0,0
E-Oppo reno 11 5G - E,5,Awesome,0,0
E-Oppo reno 11 5G - E,5,Good product,0,0
E-Oppo reno 11 5G - E,5,Mobile camera quality poor,1,0
E-Oppo reno 11 5G - E,5,Good product,0,0
E-Oppo reno 11 5G - E,5,Nice Product..,0,0
E-Oppo reno 11 5G - E,5,Best product,0,0
E-Oppo reno 11 5G - E,3,One of the worst phone battery draining in 4 to 5 hours in new phone,0,0
E-Oppo reno 11 5G - E,5,Good,0,0
E-Oppo reno 11 5G - E,5,Awesome phone with this price.go blind for it,0,0
E-Oppo reno 11 5G - E,5,"I love oopo products
7 years use oopo mobile
10dsy old my new mobile oopo Reno 11 5g",0,0
E-Oppo reno 11 5G - E,5,Value for money,0,0
E-Oppo reno 11 5G - E,5,"Very good quality camra and display design.
Oppo is tha best smartphone,,",0,0
E-Oppo reno 11 5G - E,5,Very nice phone.... Like camera DSLR..all ol,0,0
E-Oppo reno 11 5G - E,5,Good,0,0
E-Oppo reno 11 5G - E,5,Good,0,0
E-Oppo reno 11 5G - E,4,Awesome,0,0
E-Oppo reno 11 5G - E,4,Good .,0,0
E-Oppo reno 11 5G - E,5,Very nice and light weight.,0,0
E-Oppo reno 11 5G - E,5,Product is good. Mobile is very slim and fit. Should camera quality more increase at this price. Overall a very good mobile. You can go with it.,0,0
E-Oppo reno 11 5G - E,5,Worth of money.display and camera is awesome.overall best phone.go and purchase without any hesitation.....,0,0
E-Oppo reno 11 5G - E,5,Nice product by oppo,0,0
E-Oppo reno 11 5G - E,5,Nice phone,0,0
E-Oppo reno 11 5G - E,4,Battery is automatically drain,0,0
E-Oppo reno 11 5G - E,5,Product is good display is crisp but not much upgrade from series 10 almost same,0,0
E-Oppo reno 11 5G - E,5,Nice,0,0
E-Oppo reno 11 5G - E,4,It's a good phone in this range with enough interesting features.,0,0
E-Oppo reno 11 5G - E,4,Very nice,0,0
E-Oppo reno 11 5G - E,5,Excellent,0,0
E-Oppo reno 11 5G - E,5,Best phone,0,0
E-Oppo reno 11 5G - E,5,"Very good phone, overall is good, I think water proof rating is missing, price segment is also good after card discount or exchange offer.
Camera
Performance
Battery
Display
According to price is good and well
I recommend this phone only daily users, not to games lovers....",0,0
E-Oppo reno 11 5G - E,5,Nice,0,0
E-Oppo reno 11 5G - E,4,"Using the mobile for the past one week. The battery drains very quickly..!!! Hope some updates get released to resolve the issue.

Rest all performances are satisfactory to the price range.",0,0
E-Oppo reno 11 5G - E,5,Nice product,0,0
E-Oppo reno 11 5G - E,5,AWESOME MOBILE.,0,0
E-Oppo reno 11 5G - E,5,I like this Oppo Phone and Best Camera Quality battery backup Is Very Good,0,0
E-Oppo reno 11 5G - E,5,"Sound quality is bad. Battery capacity is very low if u use 4 hour video or listen music battery100,% ded ,there is many best option in the market. If u r not using mobile at this time mobile continuationsly using the battery and display in sun light is very poor. You can not watch clear video in Sunlight",0,0
E-Oppo reno 11 5G - E,4,Awesome picture quality of camera,0,0
E-Oppo reno 11 5G - E,5,Product is   slim and low weight.improve back camera more as front.overall good phone.,0,0
E-Oppo reno 11 5G - E,5,"Awesome   design and unexpected slimness amazing camera   nice   very happy   to buy this phone
Blindly buy this phone for your self and your family",0,0
E-Oppo reno 11 5G - E,3,I am satisfied this mobile price,0,0
E-Oppo reno 11 5G - E,5,Everything is good except battery. Battery is draining very fast like if you charge 100% you can use 6-7 hour's only,0,0
E-Oppo reno 11 5G - E,4,Very good performance,0,0
E-Oppo reno 11 5G - E,4,Nice Mobile,0,0
E-Oppo reno 11 5G - E,3,good device,0,0
E-Oppo reno 11 5G - E,5,Battery backup is so poor charger heating problem,0,0
E-Oppo reno 11 5G - E,5,Best camera,0,0
E-Oppo reno 11 5G - E,5,Good product,0,0
E-Oppo reno 11 5G - E,4,Camera is average and battery draining to fast... overall not worthy at all in this segment.,3,1
E-Oppo reno 11 5G - E,5,"Camera is very awesome,",0,0
E-Oppo reno 11 5G - E,5,I think battery is draining fast....camera is good..after all good phone,0,0
E-Oppo reno 11 5G - E,4,Very good phone,0,0
E-Oppo reno 11 5G - E,4,Beutiful phone,0,0
E-Oppo reno 11 5G - E,5,Look wise not a perfect set,0,0
E-Oppo reno 11 5G - E,5,Nice,0,0
E-Oppo reno 11 5G - E,4,Good,0,0
E-Oppo reno 11 5G - E,5,Nice product,0,0
E-Oppo reno 11 5G - E,3,OS was very slow ... Stay away from first time oppo takers ... Worest experience ever,0,0
E-Oppo reno 11 5G - E,4,I have been using this phone for last 7 days and noticed the battery draining fast. Fast charging is very good. Camera is above average. Oppo should have given better processor in this price range. Sound is excellent.,0,0
E-Oppo reno 11 5G - E,5,Awesome phone in every aspect. If AI mode was there to enhance the colours more punchy it would be pleasure to eyes... Go for it...,0,0
E-Oppo reno 11 5G - E,4,Wow. Wonderful phone. Thank you flipkart,0,0
E-Oppo reno 11 5G - E,5,Good phone,0,0
E-Oppo reno 11 5G - E,4,Good,0,0
E-Oppo reno 11 5G - E,5,Good camera design,0,0
E-Oppo reno 11 5G - E,5,"One of the worst camera phone in this price range, even 15k phone has better camera output than this. Need major improvement",0,0
E-Oppo reno 11 5G - E,4,"Wow   amazing, nice looking, camera average, battery is good, light weight,",0,0
E-Oppo reno 11 5G - E,5,"Awesome camera, nice battery backup, value for money",0,0
E-Oppo reno 11 5G - E,3,"Good mobile ,working smoothly.
Camera is very good.",0,0
E-Oppo reno 11 5G - E,5,The battery was quickly draining.,0,0
E-Oppo reno 11 5G - E,5,Good,0,0
E-Oppo reno 11 5G - E,5,"SUPER COMERA
UPARE DIJIYEN
EVERY THING IS VERY MUCH",0,0
E-Oppo reno 11 5G - E,5,"Amazing low light photography.
Zooming quality is excellent.",0,0
E-Oppo reno 11 5G - E,5,My experience with this device is very well for my all uses.,0,0
E-Oppo reno 11 5G - E,4,Nice,0,0
E-Oppo reno 11 5G - E,5,Good phone nice,0,0
E-Oppo reno 11 5G - E,5,Good device recommended,0,0
E-Oppo reno 11 5G - E,5,Good,0,0
E-Oppo reno 11 5G - E,4,Worrest product donot buy guys,0,0
E-Oppo reno 11 5G - E,5,Good,0,0
E-Oppo reno 11 5G - E,5,I like comfortable,0,0
E-Oppo reno 11 5G - E,4,"Camera 4
Battery 5
Design-4
Charging 5
Display-5",0,0
E-Oppo reno 11 5G - E,5,Very nice,0,0
E-Oppo reno 11 5G - E,5,Best camera in mobile,0,0
E-Oppo reno 11 5G - E,5,Nice,0,0
E-Oppo reno 11 5G - E,5,Not much expected camera is not good not worthy for money .. waste comparitevly with others mobiles better to buy moto,0,0
E-Oppo reno 11 5G - E,3,Nice camera phone,0,0
E-Oppo reno 11 5G - E,5,Battery performance is very poor. fast draining,0,0
E-Oppo reno 11 5G - E,5,Good looking phone,0,0
E-Oppo reno 11 5G - E,5,"Very bad product,bad performance,Battary very bad and software problem..and over heating and lagging...this product not purchase...",14,4
E-Oppo reno 11 5G - E,5,Great phone,0,0
E-Oppo reno 11 5G - E,4,Nice,0,0
E-Oppo reno 11 5G - E,5,Front camera is not good.,2,1
E-Oppo reno 11 5G - E,4,Good,0,0
E-Oppo reno 11 5G - E,4,Nice product,0,0
E-Oppo reno 11 5G - E,5,Nice,0,0
E-Oppo reno 11 5G - E,5,Excellent,0,0
E-Oppo reno 11 5G - E,5,I got this product but little bit heating comes in this phone,0,0
E-Oppo reno 11 5G - E,5,Good but battery backup not lasting,0,0
E-Oppo reno 11 5G - E,5,Very good performance and high quality camera No.1 phone,0,0
E-Oppo reno 11 5G - E,5,"Camera quality is too good  
Fantastic  
All are good",0,0
E-Oppo reno 11 5G - E,5,Nice product,0,0
E-Oppo reno 11 5G - E,5,Very good performance and camera quality amazing,0,0
E-Oppo reno 11 5G - E,5,Woww. I just loved   this phone..... overall...poforming.... very nice  ... thank to... Flipkart......,0,0
E-Oppo reno 11 5G - E,5,"Good phone good look , good camera, design 100on 100 ,
Oppo please give h good battery,",0,0
E-Oppo reno 11 5G - E,4,Very good product namaste,0,0
E-Oppo reno 11 5G - E,4,"Camera Quality is very poor when compared with Reno 10 pro and iqoo.images of persons come very black in this camera,I have cross checked across other smartphone cameras.battery gives only 4 hours back up if personal hotspot kept on..if u r looking for a camera phone,this will be definitely a bad idea,chillar performance!!",3,2
E-Oppo reno 11 5G - E,4,Nice mobile,0,0
E-Oppo reno 11 5G - E,3,Overall Amazing and one of the best camera smartphone under 30k. recommended,0,0
E-Oppo reno 11 5G - E,5,Super,0,0
E-Oppo reno 11 5G - E,3,"Battery draining pretty fast. Lasts only for 20 hours with normal daily usage without any gaming, internet browsing, etc. It's the most disappointing feature in the phone. Back camera is not up to the mark as it takes jaded pictures and colour capture is pretty poor. Three display gives a green tinge on tilting the phone. The main speaker quality is average. The rest is fine.

Worst is, when I try to return the product, they say it can be fine through the customer service centre. But service centre in bhubaneswar bluntly refusing to take it back. Where do I go then.

Use conscience while buying this product.

Biswajit Barman",1,0
E-Oppo reno 11 5G - E,5,Best handset for my sister thanku oppo.,0,0
E-Oppo reno 11 5G - E,5,Best mobile best look,0,0
E-Oppo reno 11 5G - E,4,Very good product and even I didnt found any issue so far. Good display quality.,0,0
E-Oppo reno 11 5G - E,3,Good performance   and worth money,0,0
E-Oppo reno 11 5G - E,4,"Back portrait camera is good,but the front camera needs to improve",0,0
E-Oppo reno 11 5G - E,5,"Oppo Reno series is known for great Camera performance and i specifically purchased this reason.
But am HIGHLY DISAPPOINTED with both Front n Back camera as there are barely any details captured in the photos. Just zoom a bit and photos are blurred with no depth or details, similar to what we used to have pix 5..6 years ago.
DO NOT PURCHASE IF CAMERA IS YOUR PRIMARY FOCUS otherwise its fine.",0,0
E-Oppo reno 11 5G - E,5,Nice phone,0,0
E-Oppo reno 11 5G - E,3,This was ohonebnn,0,0
E-Oppo reno 11 5G - E,5,It's good,0,0
E-Oppo reno 11 5G - E,5,Very good,0,0
E-Oppo reno 11 5G - E,5,I've ordered and put a review after 3 days of trial. - By this only If you're getting this mobile under 25k. The display is really smooth and sharp. The camera is also fantastic.,0,0
E-Oppo reno 11 5G - E,5,Nice,0,0
E-Oppo reno 11 5G - E,5,"Very Premium products
I like this product",0,0
E-Oppo reno 11 5G - E,5,So beautiful,0,0
E-Oppo reno 11 5G - E,5,Good,0,0
E-Oppo reno 11 5G - E,5,"Good product..,",0,0
E-Oppo reno 11 5G - E,5,5G signal not received . Even in 5g network coverage area. who wants 5g network please ignore this mobile.,0,0
E-Oppo reno 11 5G - E,5,"Value for money, especially with offers. I couldn't exchange but with exchange I would have got more offer, no words to express the phone experience. Wow battery, wow display, wow, design, wow performance, everything is so premium.",0,0
E-Oppo reno 11 5G - E,5,"The camera is awesome... battery charging super fast...but it's draining little quicker(not that high aslo, think company will fixt it in updates).... performance good ..I love the glossy design and look... super duper smooth to use...overall handy at this price range",0,0
E-Oppo reno 11 5G - E,5,Good performance and good quality just love it,0,0
E-Oppo reno 11 5G - E,5,Best slime smartphone,0,0
E-Oppo reno 11 5G - E,5,Superbbbb....,0,0
E-Oppo reno 11 5G - E,5,Battery backup is soo poor.,0,0
E-Oppo reno 11 5G - E,3,Fail,0,0
E-Oppo reno 11 5G - E,5,Cemara quality good display display quality good,0,0
E-Oppo reno 11 5G - E,5,Over hitting,0,1
E-Oppo reno 11 5G - E,3,Mobile is getting very hot,2,4
E-Oppo reno 11 5G - E,5,Very nice phone oppo Reno 11 5g,0,0
E-Oppo reno 11 5G - E,5,"Very good, very nice, awesome, super",0,0
E-Oppo reno 11 5G - E,5,Worth every penny. Display is amazing and in hand feel is so good. It's runs very smoothly. Android 14 is a plus. Go for it,0,0
E-Oppo reno 11 5G - E,5,Superb,0,0
E-Oppo reno 11 5G - E,3,"Sound quality is exceptional  
Otherwise everything is avarage",0,0
E-Oppo reno 11 5G - E,5,Best selfie camera phone,0,0
E-Oppo reno 11 5G - E,5,"Camera is not as expected.
Battery backup is very good.
Charging is also good .
Colour OS 14's experience is so awesome.",0,0
E-Oppo reno 11 5G - E,5,"Very nice phone nd easy to use , touch is very smooth, Day time camera quality is best.
Battery performance also good. Best smart phone in under 30K .",0,0
E-Oppo reno 11 5G - E,4,Very Nice Product..Very attractive design..Nice camera's,0,0
E-Oppo reno 11 5G - E,3,Bad camera very very bad in night,0,1
E-Oppo reno 11 5G - E,5,Nice Click,0,0
E-Oppo reno 11 5G - E,5,Very good thanks flipcart,0,0
E-Oppo reno 11 5G - E,5,"Pros: camera looks good
Cons: poor battery optimisation, poor performance 120 hz looks like 60 hz refresh rate.
Other than camera nothing is good.looks like 10k mobile.

After 1 month use. Very worst experience ever. Performance and battery looks like cheap brand mobile.",0,0
E-Oppo reno 11 5G - E,5,good camera must buy,0,0
E-Oppo reno 11 5G - E,5,Nice product,0,0
E-Oppo reno 11 5G - E,4,"Front camera quality very poor in
Range 18k- 20k
And Flipkart not return policy so very poor",7,2
E-Oppo reno 11 5G - E,5,Very good,0,0
E-Oppo reno 11 5G - E,5,"Camera quality is not as good as told , battry is not looking of 5k power too. My first review , might change afterwards still days to go ... no IP rating , no gorrilla glass ...",1,0
E-Oppo reno 11 5G - E,5,Best mobile under 30k camera quality best desplay good sound quality very good,0,0
E-Oppo reno 11 5G - E,4,Nice phone,0,0
E-Oppo reno 11 5G - E,5,Super camara quality,0,0
E-Oppo reno 11 5G - E,4,"I have been waiting for this reno 11 from past 1 month and finally got it. The 1st look fo the phone is mesmerizing, I love the shine, the hold , the premiumness, Got it at good exchange and bank offer during preorder. Thank YOu so much flipkart. I love flipkart.",0,0
E-Oppo reno 11 5G - E,4,"Just gor for it. Check out all my images, they are mind blowing. WOW camera.",0,0
E-Oppo reno 11 5G - E,3,THIS AVERAGE PHONE ITS GOOD FOR NORMAL USER,0,0
E-Oppo reno 11 5G - E,5,Super,0,0
E-Oppo reno 11 5G - E,5,Amazing,0,0
E-Oppo reno 11 5G - E,5,"Camera is superb
Battery is ok ok 0 to 100% took approx 40mins
Display is awesome
Without cover phone slips frm hand
Overall performance is superb
Looks so beautiful",0,0
E-Oppo reno 11 5G - E,5,Awesome phone,0,0
E-Oppo reno 11 5G - E,5,"I was expecting a design n camera concentric phone as Reno series known for it but it's not,we already compromise in processor side but It's not as good for me,camera module bump is too much, second back polycarbonate at this price. Camera is just fine not too good in zooming photography while there's 32MP telephoto sensor is given.
I would suggest to buy any other device at this price range or rise ur budget for OnePlus 12R that's insane specs.

After using one month definitely it's really bad experience, heating issue and battery drain issue which is significantly impact phone performance , I don't know how they tested it.
Are kidding 30K device with these specs n issues,Get lost.",0,0
E-Oppo reno 11 5G - E,3,Camera super quality,0,0
E-Oppo reno 11 5G - E,5,Mobile is ok but camera quality is very poor i am not satisfied but it's ok,0,1
E-Oppo reno 11 5G - E,4,Nice mobile phone,0,0
E-Oppo reno 11 5G - E,5,Worst camara don't buy it...go for v29.far better.,23,25
E-Oppo reno 11 5G - E,5,Good product,0,0
